[{"id":"6287705048235@s.whatsapp.net","balance":3458},{"id":"6281523940672@s.whatsapp.net","balance":501},{"id":"16066127966@s.whatsapp.net","balance":201},{"id":"6285341515052@s.whatsapp.net","balance":55},{"id":"6282332620091@s.whatsapp.net","balance":18},{"id":"6283840480703@s.whatsapp.net","balance":90},{"id":"6283139265598@s.whatsapp.net","balance":25},{"id":"6285736859850@s.whatsapp.net","balance":42},{"id":"6281211309459@s.whatsapp.net","balance":17},{"id":"94765823954@s.whatsapp.net","balance":58},{"id":"6285799848172@s.whatsapp.net","balance":20},{"id":"628871746203@s.whatsapp.net","balance":814},{"id":"6285861870154@s.whatsapp.net","balance":580},{"id":"6287834316239@s.whatsapp.net","balance":130},{"id":"6288296339947@s.whatsapp.net","balance":135},{"id":"6281259121031@s.whatsapp.net","balance":2380},{"id":"6289530298948@s.whatsapp.net","balance":387},{"id":"6289602862727@s.whatsapp.net","balance":465},{"id":"6281285983268@s.whatsapp.net","balance":394},{"id":"6283847255918@s.whatsapp.net","balance":37},{"id":"628995506551@s.whatsapp.net","balance":46},{"id":"6285738135304@s.whatsapp.net","balance":74},{"id":"6283196942057@s.whatsapp.net","balance":19},{"id":"6285764084158@s.whatsapp.net","balance":6},{"id":"6289527282924@s.whatsapp.net","balance":15},{"id":"6281235805653@s.whatsapp.net","balance":10},{"id":"6285870409603@s.whatsapp.net","balance":11},{"id":"6285882067904@s.whatsapp.net","balance":8},{"id":"6285161806141@s.whatsapp.net","balance":238},{"id":"6282241753935@s.whatsapp.net","balance":10},{"id":"6288210387012@s.whatsapp.net","balance":14},{"id":"6288286421519@s.whatsapp.net","balance":327},{"id":"6283827121047@s.whatsapp.net","balance":34},{"id":"62881026475149@s.whatsapp.net","balance":128},{"id":"6283169210825@s.whatsapp.net","balance":371},{"id":"6287819654911@s.whatsapp.net","balance":23},{"id":"62831625029665@s.whatsapp.net","balance":35},{"id":"62881026085306@s.whatsapp.net","balance":174},{"id":"6283191486089@s.whatsapp.net","balance":19},{"id":"6287784362530@s.whatsapp.net","balance":414},{"id":"6288214273207@s.whatsapp.net","balance":34},{"id":"6283112471048@s.whatsapp.net","balance":259},{"id":"6285828649172@s.whatsapp.net","balance":15},{"id":"6281388511712@s.whatsapp.net","balance":18},{"id":"6283182904878@s.whatsapp.net","balance":20},{"id":"62895622553488@s.whatsapp.net","balance":11},{"id":"6281273500210@s.whatsapp.net","balance":14},{"id":"6289528691211@s.whatsapp.net","balance":4},{"id":"6285766857221@s.whatsapp.net","balance":8},{"id":"62895325046253@s.whatsapp.net","balance":17},{"id":"6285781375237@s.whatsapp.net","balance":345},{"id":"62895605186650@s.whatsapp.net","balance":388},{"id":"628124584775@s.whatsapp.net","balance":62},{"id":"6288291659138@s.whatsapp.net","balance":6},{"id":"6288279148745@s.whatsapp.net","balance":29},{"id":"6285866512574@s.whatsapp.net","balance":53},{"id":"6281215224556@s.whatsapp.net","balance":84},{"id":"6282136472327@s.whatsapp.net","balance":20},{"id":"6287752076315@s.whatsapp.net","balance":28},{"id":"6287708356462@s.whatsapp.net","balance":19},{"id":"62881036690566@s.whatsapp.net","balance":135},{"id":"6285714858568@s.whatsapp.net","balance":49},{"id":"60107114535@s.whatsapp.net","balance":7},{"id":"6283197753246@s.whatsapp.net","balance":55},{"id":"6287875033104@s.whatsapp.net","balance":25},{"id":"6283178201837@s.whatsapp.net","balance":3},{"id":"6281903746469@s.whatsapp.net","balance":103},{"id":"6285900224699@s.whatsapp.net","balance":216},{"id":"62895622809487@s.whatsapp.net","balance":3},{"id":"6285757309004:4@s.whatsapp.net","balance":51},{"id":"6281337584385@s.whatsapp.net","balance":2},{"id":"6285781095140@s.whatsapp.net","balance":276},{"id":"212641919892@s.whatsapp.net","balance":30},{"id":"6282135845310@s.whatsapp.net","balance":14},{"id":"6285791677204@s.whatsapp.net","balance":1514},{"id":"62895412999319@s.whatsapp.net","balance":106},{"id":"6281327878597@s.whatsapp.net","balance":153},{"id":"6282261074717@s.whatsapp.net","balance":47},{"id":"6282171289547@s.whatsapp.net","balance":38},{"id":"6289508737158@s.whatsapp.net","balance":20},{"id":"6285366150413@s.whatsapp.net","balance":267},{"id":"6288808470182@s.whatsapp.net","balance":32},{"id":"212694146836@s.whatsapp.net","balance":167},{"id":"6282287486762@s.whatsapp.net","balance":109},{"id":"6281216211421@s.whatsapp.net","balance":11},{"id":"6281575886399@s.whatsapp.net","balance":31},{"id":"6283152544875@s.whatsapp.net","balance":19},{"id":"6281353090198@s.whatsapp.net","balance":18},{"id":"6285162901274@s.whatsapp.net","balance":16},{"id":"923471711095@s.whatsapp.net","balance":33},{"id":"6283897390164@s.whatsapp.net","balance":1},{"id":"6281273258045@s.whatsapp.net","balance":48},{"id":"6282283732130@s.whatsapp.net","balance":22},{"id":"6287830463002@s.whatsapp.net","balance":8},{"id":"6282340108349@s.whatsapp.net","balance":661},{"id":"6281328800347@s.whatsapp.net","balance":371},{"id":"6288221277372@s.whatsapp.net","balance":36},{"id":"6282150163961@s.whatsapp.net","balance":125},{"id":"6283801766302@s.whatsapp.net","balance":9},{"id":"6285794152433@s.whatsapp.net","balance":23},{"id":"6281285101949@s.whatsapp.net","balance":31},{"id":"6288229694562@s.whatsapp.net","balance":15},{"id":"6282282368280@s.whatsapp.net","balance":11},{"id":"6283106009748@s.whatsapp.net","balance":76},{"id":"6281226083648@s.whatsapp.net","balance":8},{"id":"6287798755745@s.whatsapp.net","balance":127},{"id":"6287887770404@s.whatsapp.net","balance":11},{"id":"6283128267440@s.whatsapp.net","balance":260},{"id":"62882015610977@s.whatsapp.net","balance":1},{"id":"994401406968@s.whatsapp.net","balance":15},{"id":"6289516659277@s.whatsapp.net","balance":10},{"id":"6282248192917@s.whatsapp.net","balance":89},{"id":"6289636006352@s.whatsapp.net","balance":62},{"id":"6289685054529@s.whatsapp.net","balance":182},{"id":"6282289052077@s.whatsapp.net","balance":132},{"id":"6285761439852@s.whatsapp.net","balance":81},{"id":"6283866998011@s.whatsapp.net","balance":31},{"id":"6285882933109@s.whatsapp.net","balance":292},{"id":"6281296272462@s.whatsapp.net","balance":26},{"id":"6281292673955@s.whatsapp.net","balance":20},{"id":"62895627514070@s.whatsapp.net","balance":43},{"id":"6285711963002@s.whatsapp.net","balance":2},{"id":"6285649152791@s.whatsapp.net","balance":4},{"id":"6282324375688@s.whatsapp.net","balance":12},{"id":"6283839293167@s.whatsapp.net","balance":14},{"id":"6285281569332@s.whatsapp.net","balance":16},{"id":"6281268357428@s.whatsapp.net","balance":14},{"id":"6281246664617@s.whatsapp.net","balance":16},{"id":"6285652012897@s.whatsapp.net","balance":47},{"id":"6282252415422@s.whatsapp.net","balance":20},{"id":"6282229437368@s.whatsapp.net","balance":15},{"id":"6283832743108@s.whatsapp.net","balance":10},{"id":"6281331523791@s.whatsapp.net","balance":12},{"id":"6283169570689@s.whatsapp.net","balance":37},{"id":"6281279404457@s.whatsapp.net","balance":28},{"id":"6282269180195@s.whatsapp.net","balance":14},{"id":"628988635895@s.whatsapp.net","balance":12},{"id":"6285696167192@s.whatsapp.net","balance":77},{"id":"6285361746966@s.whatsapp.net","balance":15},{"id":"6289503143608@s.whatsapp.net","balance":295},{"id":"6288976369774@s.whatsapp.net","balance":3},{"id":"6283827756582@s.whatsapp.net","balance":7},{"id":"6281327518799@s.whatsapp.net","balance":16},{"id":"6281285290040@s.whatsapp.net","balance":24},{"id":"6285768329641@s.whatsapp.net","balance":1},{"id":"6285861799450@s.whatsapp.net","balance":9},{"id":"6282251792031@s.whatsapp.net","balance":13},{"id":"6281387996928@s.whatsapp.net","balance":16},{"id":"212681706908@s.whatsapp.net","balance":257},{"id":"6283837310062@s.whatsapp.net","balance":392},{"id":"628884294101@s.whatsapp.net","balance":5},{"id":"6287742052740@s.whatsapp.net","balance":63},{"id":"6285860204122@s.whatsapp.net","balance":155},{"id":"6281242447100@s.whatsapp.net","balance":96},{"id":"6283150442282@s.whatsapp.net","balance":420},{"id":"6288286463785@s.whatsapp.net","balance":53},{"id":"13195269431@s.whatsapp.net","balance":3},{"id":"6281226232401@s.whatsapp.net","balance":17},{"id":"6289635384040@s.whatsapp.net","balance":27},{"id":"6283192722903@s.whatsapp.net","balance":2},{"id":"6285813070675@s.whatsapp.net","balance":60},{"id":"6283128817584@s.whatsapp.net","balance":149},{"id":"6282350107169@s.whatsapp.net","balance":18},{"id":"6289523047504@s.whatsapp.net","balance":7},{"id":"62895392249321@s.whatsapp.net","balance":9},{"id":"6281361099844@s.whatsapp.net","balance":10},{"id":"6281357237214@s.whatsapp.net","balance":9},{"id":"62881027527688@s.whatsapp.net","balance":20},{"id":"6287819605349@s.whatsapp.net","balance":29},{"id":"6285785376446@s.whatsapp.net","balance":28},{"id":"6281323817109@s.whatsapp.net","balance":12},{"id":"6283148984495@s.whatsapp.net","balance":28},{"id":"6281996879803@s.whatsapp.net","balance":16}]