{
  "users": {
    "6281242447100@s.whatsapp.net": {},
    "6285781095140@s.whatsapp.net": {},
    "6287705048235@s.whatsapp.net": {},
    "6282340108349@s.whatsapp.net": {},
    "6288286463785@s.whatsapp.net": {},
    "6281996879803@s.whatsapp.net": {},
    "6285860204122@s.whatsapp.net": {},
    "62881036690566@s.whatsapp.net": {}
  },
  "chats": {
    "6281903153426-1626053991@g.us": {},
    "62838973901640-1635486074@g.us": {},
    "6285781095140@s.whatsapp.net": {},
    "6287705048235@s.whatsapp.net": {},
    "62881025684622-1630072860@g.us": {}
  },
  "sticker": {},
  "database": {},
  "game": {},
  "settings": {},
  "others": {}
}