[{"id":"6289517567947@s.whatsapp.net","command":"tiktoknowm"},{"id":"6281235144606@s.whatsapp.net","command":"tiktok"},{"id":"6281235144606@s.whatsapp.net","command":"🥹🥹"},{"id":"6281235144606@s.whatsapp.net","command":"free"},{"id":"6281235144606@s.whatsapp.net","command":"slebew"},{"id":"6281235144606@s.whatsapp.net","command":"buatin"},{"id":"6281235144606@s.whatsapp.net","command":"bjir"},{"id":"6285326569399@s.whatsapp.net","command":"🌐ready"},{"id":"6281235144606@s.whatsapp.net","command":"kick"},{"id":"6281235144606@s.whatsapp.net","command":"🗿"},{"id":"6281235144606@s.whatsapp.net","command":"🥹🥹"},{"id":"6287705048235@s.whatsapp.net","command":"tolol"},{"id":"6281235144606@s.whatsapp.net","command":"buatin"},{"id":"6281235144606@s.whatsapp.net","command":"🗿"},{"id":"6281235144606@s.whatsapp.net","command":"malah"},{"id":"6281235144606@s.whatsapp.net","command":"sesama"},{"id":"6281235144606@s.whatsapp.net","command":"😭😭"},{"id":"6281235144606@s.whatsapp.net","command":"tiktokaudio"},{"id":"6281235144606@s.whatsapp.net","command":"yaudah"},{"id":"6287705048235@s.whatsapp.net","command":"🗿"},{"id":"6285326569399@s.whatsapp.net","command":"🗿"},{"id":"6283846819169@s.whatsapp.net","command":"solusi"},{"id":"6285326569399@s.whatsapp.net","command":"beli"},{"id":"6285326569399@s.whatsapp.net","command":"🗿"},{"id":"6285326569399@s.whatsapp.net","command":"🗿"},{"id":"6285326569399@s.whatsapp.net","command":"emg"},{"id":"6285326569399@s.whatsapp.net","command":"🗿"},{"id":"6285326569399@s.whatsapp.net","command":"makanya"},{"id":"6287705048235@s.whatsapp.net","command":"lu"},{"id":"6287705048235@s.whatsapp.net","command":"krinj😰"},{"id":"6287705048235@s.whatsapp.net","command":"yah"},{"id":"6287705048235@s.whatsapp.net","command":"canda"},{"id":"6287705048235@s.whatsapp.net","command":"kalau"},{"id":"6287705048235@s.whatsapp.net","command":"f"},{"id":"6285326569399@s.whatsapp.net","command":"web"},{"id":"6285326569399@s.whatsapp.net","command":"telah"},{"id":"6287705048235@s.whatsapp.net","command":"deploy"},{"id":"6283846819169@s.whatsapp.net","command":"via"},{"id":"6287705048235@s.whatsapp.net","command":"lol"},{"id":"6287705048235@s.whatsapp.net","command":"jan"},{"id":"6287705048235@s.whatsapp.net","command":"hapus"},{"id":"6283846819169@s.whatsapp.net","command":"pc"},{"id":"6283846819169@s.whatsapp.net","command":"solusi"},{"id":"6287705048235@s.whatsapp.net","command":"owner"},{"id":"6287705048235@s.whatsapp.net","command":"sendbugcatalogpc"},{"id":"6287705048235@s.whatsapp.net","command":"wa.me/62895384429337"},{"id":"6287705048235@s.whatsapp.net","command":"sendbugcatalogpc"},{"id":"6287705048235@s.whatsapp.net","command":"wa.me/6283128817584"},{"id":"6287705048235@s.whatsapp.net","command":"http://wa.me/6283128817584"},{"id":"6287705048235@s.whatsapp.net","command":"sendbug"},{"id":"6281235144606@s.whatsapp.net","command":"gbisa"},{"id":"6281235144606@s.whatsapp.net","command":"serah"},{"id":"6281235144606@s.whatsapp.net","command":"canda"}]